﻿코드,설명
300,요청자에게 수행할 작업 목록 제공
301,새로운 위치로 영구적으로 이동을 완료함
302,"서버가 다른 위치 페이지로 요청에 응답함, 요청자는 현재위치를 사용해야함"
303,요청자가 다른 위치에 별도의 GET 요청을 하여 응답을 검색할 경우 서버는 이 코드를 표시한다
304,마지막 요청 이후 요청한 페이지는 수정되지 않았다. 서버가 이 응답을 표시하면 페이지의 콘텐츠를 표시하지 않는다. 요청자가 마지막으로 페이지를 요청한 후 페이지가 변경되지 않으면 이 응답)을 표시하도록 서버를 구성해야함
305,요청자는 프록시를 사용하여 요청한 페이지만 액세스할 수 있다