﻿메소드명,설명
GET,URI를 가지고있는 정보 검색
POST,데이터를 서버로 전송
OPTIONS,메소드 종류를 불러옴
HEAD,GET과 유사한 기능이지만 헤더 정보만을 보낸다
PUT,"POST와 비슷한 전송구조이며, 헤더말고도 다른 정보와 데이터가 함께 전송된다"
DELETE,PUT과 반대되는 개념 웹서버 파일을 삭제할수있다
TRACE,원격 서버에 메세지를 보내 서버까지의 네트워크 경로를 확인할수 있다
CONNECT,웹서버의 프록시 디바이스에 연결가능하다